City_ID,City,,,Date,Humidity,Lat,Lng,Max Temp,Wind Speed
0,jacareacanga,,,1528902000,62,-6.22,-57.76,89.6,6.93
1,kaitangata,,,1528905304,94,-46.28,169.85,42.61,5.64
2,goulburn,,,1528905078,91,-34.75,149.72,44.32,10.11
3,lata,,,1528905305,89,30.78,78.62,59.89,0.94
4,chokurdakh,,,1528905306,88,70.62,147.9,32.17,2.95
5,martyush,,,1528905306,94,56.4,61.89,55.03,9.33
6,hobart,,,1528902000,87,-42.88,147.33,44.6,8.05
7,broken hill,,,1528905311,88,-31.97,141.45,44.5,7.31
8,harnosand,,,1528903200,44,62.63,17.94,60.8,13.87
9,tuatapere,,,1528905312,100,-46.13,167.69,38.92,3.4
10,puerto ayora,,,1528902000,69,-0.74,-90.35,77,13.87
11,havre-saint-pierre,,,1528902000,58,50.23,-63.6,53.6,19.46
12,punta arenas,,,1528902000,100,-53.16,-70.91,35.6,9.17
13,tasiilaq,,,1528901400,60,65.61,-37.64,39.2,2.24
14,chapais,,,1528902000,38,49.78,-74.86,59,10.29
15,avarua,,,1528902000,56,-21.21,-159.78,73.4,10.29
16,hofn,,,1528902000,87,64.25,-15.21,51.8,8.05
17,yukamenskoye,,,1528905315,98,57.89,52.24,56.65,10.22
18,khandbari,,,1528905315,67,27.38,87.21,44.59,1.39
19,bethel,,,1528901580,93,60.79,-161.76,44.6,8.05
20,ushuaia,,,1528902000,64,-54.81,-68.31,41,3.36
21,east london,,,1528902000,37,-33.02,27.91,69.8,5.82
22,bluff,,,1528905321,76,-23.58,149.07,61.96,4.74
23,mount isa,,,1528902000,100,-20.73,139.49,64.4,3.29
24,pevek,,,1528905321,71,69.7,170.27,36.94,6.98
25,gao,,,1528905321,16,16.28,-0.04,110.02,4.97
26,cabo san lucas,,,1528901160,74,22.89,-109.91,84.2,10.29
27,sao filipe,,,1528905323,88,14.9,-24.5,75.73,13.02
28,tiksi,,,1528905298,58,71.64,128.87,57.73,10.11
29,busselton,,,1528905323,100,-33.64,115.35,60.43,10.56
30,alofi,,,1528902000,88,-19.06,-169.92,71.6,3.36
31,ola,,,1528902000,100,59.58,151.3,42.8,7.76
32,atar,,,1528902000,19,20.52,-13.05,91.4,9.17
33,rikitea,,,1528905325,100,-23.12,-134.97,73.57,8.66
34,hermanus,,,1528905325,24,-34.42,19.24,77.17,8.66
35,ponta delgada,,,1528903800,88,37.73,-25.67,71.6,12.75
36,bambari,,,1528905326,84,5.77,20.68,81.85,7.65
37,cap malheureux,,,1528902000,69,-19.98,57.61,75.2,14.99
38,puerto escondido,,,1528901100,65,15.86,-97.07,80.6,3.36
39,qaanaaq,,,1528905330,100,77.48,-69.36,31.45,6.31
40,new norfolk,,,1528902000,87,-42.78,147.06,44.6,8.05
41,najran,,,1528902000,13,17.54,44.22,98.6,11.41
42,isla mujeres,,,1528904340,100,21.23,-86.73,75.2,16.11
43,mar del plata,,,1528905297,100,-46.43,-67.52,32.53,7.31
44,provideniya,,,1528905332,91,64.42,-173.23,40.63,10.78
45,jamestown,,,1528905333,88,-33.21,138.6,43.15,10.89
46,medicine hat,,,1528902000,34,50.04,-110.68,66.2,14.99
47,katsuura,,,1528905334,88,33.93,134.5,62.05,7.54
48,aklavik,,,1528902000,53,68.22,-135.01,51.8,11.41
49,tuktoyaktuk,,,1528902000,61,69.44,-133.03,46.4,6.93
50,kapaa,,,1528901760,88,22.08,-159.32,75.2,14.99
51,mildura,,,1528905300,92,-34.18,142.16,45.67,9.66
52,souillac,,,1528903800,49,45.6,-0.6,73.4,10.29
53,lorengau,,,1528905336,100,-2.02,147.27,80.59,3.85
54,praia,,,1528902000,47,-20.25,-43.81,82.4,3.36
55,port alfred,,,1528905338,50,-33.59,26.89,76.54,7.2
56,barranca,,,1528905339,98,-10.75,-77.76,61.87,9.89
57,nome,,,1528902900,70,30.04,-94.42,87.8,3.36
58,matay,,,1528905339,23,28.42,30.79,97.69,6.98
59,saskylakh,,,1528905339,55,71.97,114.09,59.53,5.86
60,itarema,,,1528905340,61,-2.92,-39.92,88.33,12.57
61,butaritari,,,1528905340,100,3.07,172.79,81.13,7.31
62,peniche,,,1528903800,64,39.36,-9.38,75.2,12.75
63,beloha,,,1528905340,57,-25.17,45.06,71.95,16.37
64,anadyr,,,1528902000,57,64.73,177.51,48.2,4.47
65,luderitz,,,1528905342,64,-26.65,15.16,64.03,17.38
66,rochester,,,1528902960,37,44.02,-92.46,73.4,6.93
67,bosaso,,,1528905347,86,11.28,49.18,89.77,3.96
68,faanui,,,1528905347,100,-16.48,-151.75,79.96,11.79
69,grindavik,,,1528902000,70,63.84,-22.43,48.2,5.82
70,margate,,,1528902000,87,-43.03,147.26,44.6,8.05
71,marsh harbour,,,1528905349,95,26.54,-77.06,82.39,10
72,comodoro rivadavia,,,1528902000,60,-45.87,-67.48,42.8,9.17
73,upernavik,,,1528905350,100,72.79,-56.15,29.29,3.74
74,uige,,,1528905350,29,-7.61,15.06,86.8,3.18
75,bredasdorp,,,1528902000,23,-34.53,20.04,82.4,5.82
76,bodden town,,,1528902000,78,19.28,-81.25,80.6,16.11
77,guerrero negro,,,1528905350,88,27.97,-114.04,63.85,3.74
78,bilma,,,1528905351,12,18.69,12.92,110.47,4.63
79,carnarvon,,,1528905351,30,-30.97,22.13,60.43,14.25
80,ponta do sol,,,1528905352,72,-20.63,-46,78.25,3.96
81,vila franca do campo,,,1528903800,88,37.72,-25.43,71.6,12.75
82,puerto del rosario,,,1528903800,60,28.5,-13.86,73.4,17.22
83,sitka,,,1528905353,92,37.17,-99.65,74.02,5.97
84,camacha,,,1528903800,72,33.08,-16.33,68,16.11
85,saint-philippe,,,1528902900,54,45.36,-73.48,78.8,11.41
86,port blair,,,1528905357,97,11.67,92.75,84.37,25.1
87,albany,,,1528903860,68,42.65,-73.75,69.8,3.36
88,barrow,,,1528905182,72,-38.31,-60.23,50.26,8.21
89,qorveh,,,1528905357,22,35.17,47.8,76.72,3.18
90,san jeronimo,,,1528902000,81,-13.65,-73.37,46.4,2.39
91,mataura,,,1528905299,79,-46.19,168.86,25.69,3.18
92,buala,,,1528905359,100,-8.15,159.59,78.7,4.18
93,eyl,,,1528905359,57,7.98,49.82,86.62,22.41
94,abu dhabi,,,1528902000,29,24.47,54.37,98.6,16.11
95,tahe,,,1528905359,98,52.34,124.71,51.43,2.17
96,chuy,,,1528905099,93,-33.69,-53.46,52.87,28.9
97,dzerzhinskoye,,,1528905360,69,56.84,95.22,65.11,3.85
98,vanavara,,,1528905360,50,60.35,102.28,64.21,5.64
99,muros,,,1528903800,72,42.77,-9.06,66.2,10.29
100,auchel,,,1528903800,49,50.51,2.47,68,3.36
101,bubaque,,,1528902000,55,11.28,-15.83,91.4,11.41
102,khatanga,,,1528905361,65,71.98,102.47,60.97,4.63
103,los banos,,,1528904100,67,37.06,-120.85,75.2,4.74
104,labuhan,,,1528905361,95,-2.54,115.51,72.94,1.83
105,saint-paul,,,1528903800,56,45.22,1.9,68,14.99
106,petatlan,,,1528901220,74,17.52,-101.27,84.2,1.83
107,baykit,,,1528905366,68,61.68,96.39,63.94,4.29
108,dalby,,,1528902000,93,-27.18,151.26,53.6,2.24
109,yellowknife,,,1528902540,93,62.45,-114.38,46.4,8.05
110,hilo,,,1528901580,88,19.71,-155.08,66.2,5.82
111,turukhansk,,,1528905297,76,65.8,87.96,66.37,6.42
112,dingle,,,1528905368,82,11,122.67,79.96,8.21
113,dillon,,,1528901580,44,45.22,-112.64,57.2,5.82
114,labytnangi,,,1528905370,75,66.66,66.39,47.11,17.49
115,gigmoto,,,1528905370,98,13.78,124.39,83.56,17.6
116,nouakchott,,,1528905371,76,18.08,-15.98,76.72,1.39
117,rumoi,,,1528905371,100,43.93,141.67,44.41,8.1
118,dikson,,,1528905373,100,73.51,80.55,31.09,13.13
119,chinsali,,,1528905377,36,-10.55,32.07,73.39,9.22
120,georgetown,,,1528902000,78,6.8,-58.16,82.4,9.17
121,tooele,,,1528902900,35,40.53,-112.3,73.4,9.17
122,nikolskoye,,,1528902000,41,59.7,30.79,60.8,4.47
123,bodo,,,1528905379,66,5.91,-4.68,87.7,8.21
124,minador do negrao,,,1528905379,80,-9.31,-36.86,76.81,13.24
125,sambava,,,1528905379,100,-14.27,50.17,77.35,19.73
126,yerbogachen,,,1528905380,44,61.28,108.01,64.93,7.43
127,kahului,,,1528901760,93,20.89,-156.47,66.2,3.36
128,clyde river,,,1528902660,100,70.47,-68.59,35.6,21.92
129,ancud,,,1528905381,90,-41.87,-73.83,39.1,2.73
130,beringovskiy,,,1528905381,88,63.05,179.32,39.37,3.4
131,majene,,,1528905382,100,-3.54,118.97,81.85,11.01
132,ahar,,,1528905382,62,38.48,47.07,62.77,3.74
133,ilhabela,,,1528905382,98,-23.78,-45.36,72.85,2.28
134,listvyagi,,,1528905382,78,53.68,86.95,65.11,2.06
135,skjervoy,,,1528903200,65,70.03,20.97,44.6,10.29
136,cape town,,,1528902000,35,-33.93,18.42,73.4,9.17
137,iqaluit,,,1528902000,96,63.75,-68.52,35.6,20.8
138,fort-shevchenko,,,1528905387,59,44.51,50.26,74.2,3.62
139,severo-kurilsk,,,1528905387,100,50.68,156.12,38.02,16.26
140,arraial do cabo,,,1528905600,65,-22.97,-42.02,80.6,4.7
141,torbay,,,1528903560,93,47.66,-52.73,50,19.46
142,ahipara,,,1528905388,91,-35.17,173.16,56.65,9.66
143,bandarbeyla,,,1528905389,79,9.49,50.81,79.15,32.93
144,vuktyl,,,1528905389,96,63.86,57.31,52.6,7.43
145,caravelas,,,1528905390,98,-17.73,-39.27,77.62,10.45
146,waipawa,,,1528905390,94,-39.94,176.59,50.89,9.44
147,khomutovo,,,1528905390,65,52.85,37.45,72.31,5.97
148,acajutla,,,1528901400,79,13.59,-89.83,84.2,1.12
149,buritis,,,1528905391,53,-15.62,-46.42,83.74,6.87
150,meulaboh,,,1528905392,100,4.14,96.13,82.03,3.4
151,vaini,,,1528905392,98,15.34,74.49,70.42,4.29
152,teya,,,1528901400,66,21.05,-89.07,86,13.87
153,bambous virieux,,,1528902000,69,-20.34,57.76,75.2,14.99
154,zaragoza,,,1528903800,49,41.65,-0.88,77,28.86
155,thompson,,,1528902600,76,55.74,-97.86,57.2,3.36
156,kodiak,,,1528901580,50,39.95,-94.76,75.2,13.87
157,nsanje,,,1528905397,84,-16.92,35.26,70.33,4.18
158,the pas,,,1528902000,63,53.82,-101.24,60.8,10.29
159,masalli,,,1528902000,77,34.8,126.66,68,9.17
160,talnakh,,,1528905398,100,69.49,88.39,42.79,3.18
161,ilulissat,,,1528901400,97,69.22,-51.1,32,4.7
162,vallenar,,,1528905399,56,-28.58,-70.76,54.4,1.28
163,cap-aux-meules,,,1528902000,62,47.38,-61.86,51.8,20.8
164,san quintin,,,1528902000,100,17.54,120.52,77,13.87
165,victoria,,,1528902000,94,5.28,115.24,80.6,1.12
166,okhotsk,,,1528905400,100,59.36,143.24,38.02,2.17
167,bonavista,,,1528905401,82,48.65,-53.11,46.57,22.97
168,manokwari,,,1528905401,100,-0.87,134.08,78.07,8.1
169,lebu,,,1528905404,100,8.96,38.73,55.3,0.72
170,qostanay,,,1528902000,54,53.17,63.58,59,6.71
171,victor harbor,,,1528902000,82,-35.55,138.62,55.4,17.22
172,kamenka,,,1528905405,98,53.19,44.05,61.6,9.44
173,cherskiy,,,1528905405,48,68.75,161.3,55.21,3.18
174,kimbe,,,1528905405,100,-5.56,150.15,78.43,6.64
175,guba,,,1528902000,74,10.43,123.89,84.2,8.05
176,inuvik,,,1528902000,53,68.36,-133.71,51.8,3.36
177,jiazi,,,1528902000,78,19.61,110.49,82.4,4.47
178,namatanai,,,1528905407,100,-3.66,152.44,78.07,11.68
179,port elizabeth,,,1528903500,83,39.31,-74.98,75.2,9.17
180,chilca,,,1528903800,47,-13.22,-72.34,55.4,3.36
181,tual,,,1528905408,100,-5.67,132.75,79.78,12.12
182,puerto colombia,,,1528902000,74,10.99,-74.96,87.8,6.93
183,muzhi,,,1528905409,63,65.4,64.7,55.57,10.67
184,tabuk,,,1528905413,86,17.41,121.44,72.4,1.83
185,palauig,,,1528905413,100,15.44,119.9,74.11,10.67
186,komsomolskiy,,,1528905413,84,67.55,63.78,37.39,9.22
187,atuona,,,1528905298,100,-9.8,-139.03,79.6,12.91
188,sinnamary,,,1528905414,100,5.38,-52.96,75.19,3.4
189,kavieng,,,1528905414,100,-2.57,150.8,78.97,5.41
190,moron,,,1528905415,70,10.49,-68.2,81.67,3.06
191,fortuna,,,1528903800,64,38.18,-1.13,86,12.75
192,pangnirtung,,,1528902000,93,66.15,-65.72,35.6,4.7
193,paamiut,,,1528905416,100,61.99,-49.67,35.32,12.46
194,juegang,,,1528905417,76,32.31,121.18,75.28,16.6
195,kiama,,,1528905418,86,-34.67,150.86,50.44,6.87
196,yamada,,,1528902000,72,36.58,137.08,60.8,14.99
197,russell,,,1528902000,48,-33.01,-68.8,42.8,3.36
198,port hawkesbury,,,1528902000,63,45.62,-61.36,64.4,16.11
199,naze,,,1528902000,62,5.43,7.07,89.6,9.17
200,namibe,,,1528905419,89,-15.19,12.15,74.02,17.49
201,lodja,,,1528905419,20,-3.52,23.6,94.36,4.97
202,basco,,,1528904100,44,40.33,-91.2,77,13.87
203,suleja,,,1528905420,74,9.18,7.18,87.34,2.95
204,tazovskiy,,,1528905420,60,67.47,78.7,67.72,14.81
205,waterloo,,,1528902000,78,43.47,-80.52,75.2,12.75
206,kruisfontein,,,1528905421,47,-34,24.73,75.82,8.43
207,hithadhoo,,,1528905421,100,-0.6,73.08,83.65,6.42
208,aqtobe,,,1528902000,24,50.28,57.21,71.6,6.71
209,trinidad,,,1528902000,76,-33.52,-56.9,50,17.22
210,jasper,,,1528904100,83,33.83,-87.28,78.8,5.19
211,tempio pausania,,,1528903800,77,40.9,9.1,69.8,11.41
212,kununurra,,,1528902000,73,-15.77,128.74,73.4,5.82
213,zhob,,,1528905423,10,31.34,69.45,80.95,5.64
214,los llanos de aridane,,,1528903800,60,28.66,-17.92,73.4,12.75
215,nohar,,,1528905423,22,29.18,74.77,98.5,9.55
216,sainte-suzanne,,,1528903800,48,47.51,6.77,66.2,10.29
217,crotone,,,1528901400,42,39.09,17.12,82.4,23.04
218,gambela,,,1528905424,94,8.25,34.59,68.62,2.95
219,kavaratti,,,1528905424,100,10.57,72.64,81.67,22.64
220,ust-ilimsk,,,1528905425,87,57.96,102.73,60.61,1.95
221,leo,,,1528905429,66,11.1,-2.1,94.72,4.63
222,totolapan,,,1528902840,77,18.99,-98.92,59,5.82
223,funtua,,,1528905429,50,11.52,7.31,90.67,2.17
224,salalah,,,1528901400,89,17.01,54.1,84.2,10.29
225,burnie,,,1528905430,100,-41.05,145.91,51.88,21.07
226,boulder city,,,1528902900,11,35.98,-114.83,89.6,3.51
227,massakory,,,1528905431,46,13,15.73,100.21,6.98
228,arlit,,,1528905432,14,18.74,7.39,110.92,4.74
229,zhigansk,,,1528905432,56,66.77,123.37,56.83,4.97
230,florianopolis,,,1528902000,64,-27.6,-48.55,69.8,3.36
231,lavrentiya,,,1528905432,76,65.58,-170.99,35.95,8.43
232,bluefield,,,1528902900,78,37.27,-81.22,78.8,11.41
233,te anau,,,1528905433,80,-45.41,167.72,27.22,2.84
234,marawi,,,1528905433,99,8,124.29,66.73,2.28
235,amapa,,,1528905600,83,15.09,-87.97,84.2,4.7
236,palmer,,,1528902000,82,-34.85,139.16,55.4,17.22
237,cidreira,,,1528905434,81,-30.17,-50.22,51.97,26.33
238,saint-pierre,,,1528903800,67,48.95,4.24,66.2,12.75
239,aykhal,,,1528905439,57,65.95,111.51,62.23,4.74
240,ondangwa,,,1528902000,13,-17.91,15.98,84.2,2.24
241,pitimbu,,,1528902000,54,-7.47,-34.81,84.2,17.22
242,grandview,,,1528905300,65,38.89,-94.53,80.6,10.29
243,williston,,,1528902900,36,48.15,-103.62,71.6,8.05
244,maniitsoq,,,1528905442,97,65.42,-52.9,36.31,5.53
245,krasnyy yar,,,1528905443,86,50.7,44.73,64.03,8.21
246,nouadhibou,,,1528902000,47,20.93,-17.03,80.6,14.99
247,buritama,,,1528905444,95,-21.07,-50.14,75.1,6.31
248,longyearbyen,,,1528901400,86,78.22,15.63,33.8,18.34
249,lasa,,,1528903800,74,34.92,32.53,80.6,6.93
250,college,,,1528901880,75,64.86,-147.8,42.8,3.36
251,ust-tsilma,,,1528905445,84,65.44,52.15,54.4,3.62
252,saint-augustin,,,1528903800,82,44.83,-0.61,69.8,12.75
253,berlevag,,,1528901400,70,70.86,29.09,42.8,13.87
254,havoysund,,,1528903200,87,71,24.66,42.8,13.87
255,kamina,,,1528905450,23,-8.74,25,85,7.99
256,yaan,,,1528905450,100,7.38,8.57,85.9,7.09
257,makakilo city,,,1528901820,83,21.35,-158.09,77,4.7
258,along,,,1528905450,98,28.17,94.8,68.89,1.5
259,vanimo,,,1528905451,100,-2.67,141.3,83.65,4.29
260,hovd,,,1528903200,48,63.83,10.7,62.6,4.7
261,la maddalena,,,1528903200,57,39.15,9.02,75.2,17.22
262,grand gaube,,,1528902000,69,-20.01,57.66,75.2,14.99
263,novoagansk,,,1528905453,37,61.94,76.66,67.81,8.43
264,kearney,,,1528902900,64,40.7,-99.08,71.6,14.99
265,geraldton,,,1528902000,63,49.72,-86.95,62.6,8.05
266,castro,,,1528905454,99,-42.48,-73.76,39.73,2.73
267,luganville,,,1528905455,100,-15.51,167.18,75.19,4.85
268,mahebourg,,,1528902000,69,-20.41,57.7,75.2,14.99
269,vostok,,,1528905455,83,46.45,135.83,45.04,1.95
270,esperance,,,1528902000,88,10.24,-61.45,80.6,12.75
271,fare,,,1528905456,100,-16.7,-151.02,79.42,13.91
272,toora-khem,,,1528905456,83,52.47,96.11,57.82,2.84
273,santa rita,,,1528905458,64,10.21,-67.56,83.65,2.73
274,west bay,,,1528903200,77,50.71,-2.76,68,12.75
275,gamba,,,1528905459,91,28.28,88.52,32.35,2.28
276,rudnya,,,1528905459,88,50.8,44.56,63.31,7.65
277,norman wells,,,1528902000,65,65.28,-126.83,44.6,5.82
278,salinas,,,1528904100,67,36.67,-121.66,60.8,3.62
279,ugoofaaru,,,1528905461,100,5.67,73,82.93,8.77
280,kiunga,,,1528905464,94,-6.12,141.3,74.29,2.06
281,koumac,,,1528905465,96,-20.56,164.28,67.9,4.07
282,adre,,,1528905465,16,13.47,22.2,103.27,8.66
283,ahtopol,,,1528903800,57,42.1,27.94,77,13.87
284,slantsy,,,1528905466,55,59.12,28.09,62.5,4.18
285,mallaig,,,1528905466,99,57.01,-5.83,53.95,24.09
286,auch,,,1528903800,56,43.65,0.59,73.4,10.29
287,pathein,,,1528905467,96,16.78,94.73,76.9,14.81
288,maceio,,,1528905600,88,-9.67,-35.74,75.2,6.93
289,oloron-sainte-marie,,,1528903800,93,43.19,-0.61,68,11.41
290,isangel,,,1528905468,100,-19.55,169.27,74.2,14.36
291,manglaur,,,1528905468,64,29.79,77.88,82.57,2.39
292,wenling,,,1528905468,95,28.38,121.38,74.56,3.96
293,pak phanang,,,1528905469,93,8.35,100.2,85.99,10.22
294,aksay,,,1528905469,21,47.27,39.86,87.43,3.74
295,baghdad,,,1528902000,14,33.3,44.38,104,4.7
296,fort nelson,,,1528902000,86,58.81,-122.69,41,9.17
297,fuerte olimpo,,,1528905470,75,-21.04,-57.87,60.97,12.8
298,bandarban,,,1528902000,94,22.2,92.22,80.6,13.87
299,mao,,,1528902000,62,19.55,-71.08,89.6,12.75
300,christchurch,,,1528903800,93,-43.53,172.64,48.2,8.05
301,goderich,,,1528905435,88,43.74,-81.71,68.17,11.45
302,kizema,,,1528905476,66,61.11,44.83,53.86,18.39
303,quatre cocos,,,1528902000,69,-20.21,57.76,75.2,14.99
304,kalur kot,,,1528905476,41,32.16,71.27,91.03,1.95
305,singaraja,,,1528905476,100,-8.11,115.08,66.73,1.95
306,coquimbo,,,1528902000,62,-29.95,-71.34,53.6,8.05
307,urengoy,,,1528905477,59,65.96,78.37,69.25,12.24
308,yaypan,,,1528905477,43,40.38,70.82,76.54,3.62
309,seoul,,,1528902000,68,37.57,126.98,71.6,3.36
310,acopiara,,,1528905477,51,-6.09,-39.45,83.2,11.23
311,warrnambool,,,1528905363,100,-38.38,142.48,51.43,17.72
312,phan thiet,,,1528905478,100,10.93,108.1,78.61,10
313,ilebo,,,1528905478,22,-4.33,20.59,94.72,5.19
314,kijang,,,1528902000,72,35.24,129.21,68,13.87
315,krasnogorsk,,,1528902000,59,55.82,37.34,69.8,13.42
316,husavik,,,1528905479,72,50.56,-96.99,67.27,7.31
317,araouane,,,1528905479,15,18.9,-3.53,111.46,5.75
318,tilichiki,,,1528905480,88,60.47,166.1,37.93,2.62
319,bosobolo,,,1528905481,70,4.19,19.88,84.19,6.42
320,villarrobledo,,,1528905482,28,39.27,-2.6,76.99,12.01
321,ribeira grande,,,1528903800,83,38.52,-28.7,75.2,11.41
322,shakawe,,,1528905485,23,-18.36,21.84,73.93,5.19
323,nemuro,,,1528905486,100,43.32,145.57,48.64,17.83
324,miramar,,,1528902000,61,10.09,-84.73,80.6,3.36
325,kerman,,,1528902000,5,30.29,57.06,91.4,13.87
326,davidson,,,1528905600,65,35.5,-80.85,78.8,4.7
327,oksfjord,,,1528903200,65,70.24,22.35,46.4,10.29
328,wattegama,,,1528905487,97,7.35,80.68,71.41,5.75
329,inyonga,,,1528905487,32,-6.72,32.06,79.42,3.18
330,saint george,,,1528903200,54,39.45,22.34,80.6,8.05
331,jabinyanah,,,1528902000,47,35.03,10.91,80.6,13.87
332,siddipet,,,1528905488,58,18.1,78.85,84.1,11.68
333,praia da vitoria,,,1528902000,78,38.73,-27.07,75.2,10.22
334,duluth,,,1528904100,46,46.77,-92.13,73.4,8.05
335,oistins,,,1528902000,66,13.07,-59.53,86,25.28
336,san onofre,,,1528905495,93,9.74,-75.52,86.44,5.3
337,avera,,,1528904100,83,33.19,-82.53,78.8,3.74
338,alizai,,,1528905496,30,33.94,71.55,89.77,3.29
339,bela,,,1528905496,29,26.23,66.31,93.37,10.33
340,kalas,,,1528903800,25,33.49,72.96,98.6,4.97
341,gisborne,,,1528905498,86,-38.66,178.02,52.6,10.67
342,yuryevets,,,1528905498,69,57.32,43.11,60.7,15.03
343,bundaberg,,,1528905498,100,-24.87,152.35,64.66,12.01
344,griffith,,,1528905499,90,-34.29,146.06,50.62,8.88
345,raudeberg,,,1528903200,71,61.99,5.14,60.8,11.41
346,rio gallegos,,,1528902000,86,-51.62,-69.22,33.8,5.82
347,antalaha,,,1528905500,85,-14.9,50.28,75.01,14.14
348,houma,,,1528905500,58,35.63,111.36,62.32,2.51
349,verkhoyansk,,,1528905500,63,67.55,133.39,56.29,2.62
350,donskoye,,,1528902000,30,45.45,41.98,80.6,6.71
351,mogadishu,,,1528905402,100,2.04,45.34,78.25,22.08
352,lewistown,,,1528904100,53,40.39,-90.15,78.8,12.75
353,leningradskiy,,,1528905501,88,69.38,178.42,33.79,21.74
354,airai,,,1528905503,93,-8.93,125.41,68.98,1.72
355,nantucket,,,1528904100,77,41.28,-70.1,69.8,17.22
356,mount gambier,,,1528905506,81,-37.83,140.78,49.72,6.87
357,katobu,,,1528905506,100,-4.94,122.53,77.98,2.62
358,baiyin,,,1528902000,31,36.55,104.13,60.8,4.47
359,jumla,,,1528905507,95,29.28,82.18,37.75,2.51
360,voh,,,1528905507,100,-20.95,164.69,71.59,14.81
361,kamaishi,,,1528905507,78,39.28,141.86,53.95,12.8
362,jurm,,,1528905508,100,36.86,70.83,40.09,1.61
363,la ronge,,,1528902000,76,55.1,-105.3,53.6,8.05
364,paragominas,,,1528905508,56,-3,-47.35,91.93,5.41
365,fairbanks,,,1528901880,75,64.84,-147.72,42.8,3.36
366,poum,,,1528903800,47,41.28,20.71,78.8,8.05
367,boyle,,,1528902000,100,53.97,-8.3,55.4,18.34
368,klaksvik,,,1528903200,93,62.23,-6.59,48.2,19.46
369,aleksandro-nevskiy,,,1528905510,49,53.48,40.21,74.2,9.78
370,graham,,,1528905240,78,36.07,-79.4,75.2,9.17
371,paraiso,,,1528901040,68,24.01,-104.61,66.2,3.36
372,nishihara,,,1528902000,68,35.74,139.53,69.8,3.36
373,charyshskoye,,,1528905511,37,51.4,83.56,69.7,3.4
374,struer,,,1528903200,63,56.48,8.6,60.8,17.22
375,hualmay,,,1528905511,77,-11.1,-77.61,65.02,3.62
376,ystad,,,1528903200,60,55.43,13.82,68,13.87
377,buin,,,1528905600,65,-33.73,-70.74,46.4,3.36
378,gamboma,,,1528905516,64,-1.87,15.88,87.34,6.53
379,bristol,,,1528903200,77,51.45,-2.6,68,10.29
380,imbituba,,,1528902000,64,-28.24,-48.67,69.8,3.36
381,comrie,,,1528903200,72,56.09,-3.58,60.8,14.99
382,esil,,,1528905517,50,51.96,66.41,60.25,7.65
383,lompoc,,,1528904100,63,34.64,-120.46,62.6,2.51
384,coihaique,,,1528902000,85,-45.58,-72.07,33.8,2.24
385,hamilton,,,1528901700,73,32.3,-64.78,77,10.29
386,hasaki,,,1528902000,93,35.73,140.83,64.4,3.36
387,kajaani,,,1528903200,52,64.22,27.73,53.6,4.7
388,tupik,,,1528905520,63,54.43,119.94,51.25,4.63
389,kloulklubed,,,1528901700,83,7.04,134.26,82.4,9.17
390,kieta,,,1528905520,100,-6.22,155.63,76.81,2.73
391,maldonado,,,1528902000,76,-34.91,-54.96,51.8,19.46
392,smithers,,,1528902000,81,54.78,-127.17,48.2,2.62
393,mareeba,,,1528902000,93,-16.99,145.42,60.8,3.4
394,kaputa,,,1528905521,29,-8.47,29.66,78.88,3.62
395,lira,,,1528905521,45,2.25,32.9,82.39,8.21
396,constitucion,,,1528901040,68,23.99,-104.67,66.2,3.36
397,ternate,,,1528902000,100,14.29,120.72,77,10.29
398,haines junction,,,1528905526,52,60.75,-137.51,42.79,2.62
399,zagora,,,1528903800,73,46.19,15.87,71.6,2.24
400,zhongxing,,,1528905527,69,32.02,116.14,74.29,7.99
401,snezhnogorsk,,,1528903800,70,69.19,33.23,42.8,2.24
402,sola,,,1528903200,76,62.78,29.36,50,10.29
403,sioux lookout,,,1528902000,59,50.1,-91.92,66.2,4.7
404,sur,,,1528905530,82,22.57,59.53,89.32,4.85
405,utete,,,1528905531,51,-7.99,38.76,81.76,6.08
406,saint-joseph,,,1528903800,60,43.56,6.97,71.6,4.7
407,sadao,,,1528902000,83,6.63,100.42,82.4,2.24
408,petropavlovsk-kamchatskiy,,,1528902000,86,53.05,158.65,41,2.24
409,vestmanna,,,1528903200,93,62.16,-7.17,48.2,19.46
410,chifeng,,,1528905536,90,42.27,118.96,52.42,0.72
411,grants pass,,,1528901760,50,42.44,-123.33,59,2.62
412,lampazos de naranjo,,,1528905536,57,27.02,-100.51,82.93,6.76
413,salym,,,1528905536,51,60.06,71.48,60.61,5.08
414,verkh-chebula,,,1528905536,75,56.03,87.61,67.36,2.73
415,tsiroanomandidy,,,1528905537,36,-18.77,46.05,71.86,4.97
416,lagoa,,,1528903800,56,37.14,-8.45,71.6,10.29
417,les cayes,,,1528905538,92,18.19,-73.75,82.93,22.41
418,mackay,,,1528902000,81,53.65,-115.58,50,3.36
419,treuchtlingen,,,1528903200,67,48.96,10.91,60.8,8.05
420,witney,,,1528903200,56,51.78,-1.49,69.8,16.11
421,tabou,,,1528905538,100,4.42,-7.36,80.86,9.78
422,koson,,,1528902000,19,39.04,65.59,89.6,9.17
423,burewala,,,1528905539,34,30.16,72.68,95.62,7.2
424,aksum,,,1528905539,94,14.12,38.72,61.15,3.4
425,iquitos,,,1528902000,74,-3.75,-73.25,84.2,4.7
426,bealanana,,,1528905541,53,-14.54,48.75,69.07,6.98
427,linqiong,,,1528902000,83,30.42,103.46,75.2,6.71
428,bonaventure,,,1528902000,32,48.04,-65.49,66.2,8.05
429,ostrovnoy,,,1528905546,82,68.05,39.51,36.58,18.28
430,narsaq,,,1528905000,43,60.91,-46.05,55.4,9.17
431,richards bay,,,1528905547,75,-28.77,32.06,68.53,1.72
432,antofagasta,,,1528902000,67,-23.65,-70.4,57.2,8.05
433,yeniseysk,,,1528905547,71,58.45,92.17,63.49,2.84
434,taguatinga,,,1528902000,36,-15.83,-48.06,78.8,5.82
435,port-gentil,,,1528902000,78,-0.72,8.78,82.4,16.11
436,yulara,,,1528902000,56,-25.24,130.99,41,4.7
437,adrar,,,1528902000,12,27.87,-0.29,109.4,11.41
438,samur,,,1528905549,84,41.83,48.49,71.23,13.13
439,chicla,,,1528905550,74,-11.71,-76.27,43.69,2.39
440,tombouctou,,,1528905550,18,16.77,-3.01,110.65,4.74
441,pyaozerskiy,,,1528905550,57,65.83,31.17,49,3.96
442,vagur,,,1528905550,97,61.47,-6.81,49.63,27.89
443,yar-sale,,,1528905551,89,66.83,70.83,36.22,14.81
444,ust-nera,,,1528905551,65,64.57,143.24,46.93,1.72
445,solnechnyy,,,1528905551,78,50.72,136.64,51.52,4.18
446,san patricio,,,1528905551,74,-26.98,-56.83,51.79,4.63
447,angoram,,,1528905555,100,-4.06,144.07,74.47,1.95
448,champerico,,,1528900860,94,16.38,-93.6,71.6,2.62
449,san policarpo,,,1528905556,100,12.18,125.51,78.43,7.76
450,port-cartier,,,1528902000,47,50.03,-66.88,55.4,16.11
451,tateyama,,,1528905556,100,36.66,137.31,49.45,1.95
452,mandalgovi,,,1528905556,35,45.76,106.27,62.59,6.64
453,bartica,,,1528902000,78,6.41,-58.62,82.4,9.17
454,bathsheba,,,1528902000,66,13.22,-59.52,86,25.28
455,bueu,,,1528903800,53,42.33,-8.79,71.6,16.11
456,chaltyr,,,1528905557,21,47.28,39.48,87.43,3.74
457,prince rupert,,,1528902000,93,54.32,-130.32,53.6,6.93
458,plouzane,,,1528903800,63,48.38,-4.62,66.2,8.05
459,belaya gora,,,1528905558,35,68.54,146.19,62.77,4.07
460,tongren,,,1528905558,85,27.72,109.18,67.9,1.95
461,narsimhapur,,,1528905558,78,17.14,74.26,76,9.22
462,sao joao da barra,,,1528902000,43,-21.64,-41.05,87.8,5.82
463,mamakan,,,1528905559,83,57.82,114.02,51.7,2.06
464,inirida,,,1528905559,84,3.87,-67.92,80.32,2.95
465,payo,,,1528905559,84,-3.75,103.64,77.98,4.74
466,san carlos de bariloche,,,1528902000,86,-41.13,-71.31,26.6,10.29
467,piacabucu,,,1528905560,57,-10.41,-36.43,84.37,15.48
468,auki,,,1528905560,55,12.18,6.51,94.81,1.61
469,ambon,,,1528903800,64,47.55,-2.56,69.8,8.05
470,bilibino,,,1528905560,60,68.06,166.44,52.33,1.95
471,jiangyou,,,1528905561,64,31.78,104.73,73.3,4.18
472,ambilobe,,,1528905561,44,-13.19,49.05,80.95,13.8
473,shebunino,,,1528905561,69,57.66,40.04,59.98,14.14
474,broome,,,1528903200,52,52.47,1.45,71.6,11.41
475,biedenkopf,,,1528903200,71,50.92,8.53,59,6.93
476,aquiraz,,,1528905600,52,-3.9,-38.39,87.8,19.46
477,karangasem,,,1528905563,100,-6.7,108.49,81.4,15.7
478,boca do acre,,,1528905563,77,-8.76,-67.39,83.56,2.84
479,la antigua,,,1528905564,94,6.72,-76.08,68.35,1.5
480,sibolga,,,1528905564,94,1.74,98.78,74.56,1.95
481,glebychevo,,,1528905564,46,60.44,28.72,60.79,4.63
482,campos altos,,,1528905564,62,-19.7,-46.17,79.69,6.42
483,santiago del estero,,,1528905565,49,-27.8,-64.26,52.33,6.2
484,banff,,,1528905565,36,51.18,-115.57,48.01,2.17
485,santa helena,,,1528905565,71,-2.23,-45.3,88.51,6.53
486,lewiston,,,1528901760,55,46.42,-117.02,64.4,4.7
487,bouna,,,1528905567,78,9.27,-3,89.86,4.18
488,upington,,,1528902000,19,-28.46,21.24,69.8,5.82
489,acaponeta,,,1528905567,100,22.49,-105.36,77.35,4.29
490,orito,,,1528905567,97,0.67,-76.88,70.42,2.73
491,vao,,,1528905567,45,59.1,26.19,62.95,5.41
492,nkhotakota,,,1528905568,74,-12.93,34.3,70.69,6.08
493,boyuibe,,,1528902000,47,-20.43,-63.28,55.4,5.82
494,necochea,,,1528905573,81,-38.55,-58.74,50.26,14.03
495,paitan,,,1528902000,78,23.49,113.78,77,11.18
496,claresholm,,,1528902000,31,50.02,-113.58,60.8,23.04
497,sabha,,,1528905575,10,27.03,14.43,112.45,9.66
498,northam,,,1528903200,77,51.04,-4.21,66.2,12.75
499,sarakhs,,,1528902000,37,36.54,61.16,82.4,6.93
500,moroni,,,1528905577,19,39.52,-111.59,70.69,3.06
501,nisia floresta,,,1528905600,51,-6.09,-35.21,86,24.16
502,yantarnyy,,,1528903800,72,54.87,19.94,64.4,6.71
503,banjar,,,1528905582,88,-7.37,108.54,71.5,3.62
504,khandyga,,,1528905583,47,62.65,135.58,54.85,6.2
505,heinola,,,1528903200,33,61.2,26.03,62.6,3.36
506,sept-iles,,,1528902000,47,50.2,-66.38,55.4,16.11
507,yenagoa,,,1528905584,80,4.92,6.26,81.94,11.01
508,pontianak,,,1528905585,99,-0.02,109.34,77.89,3.4
509,okha,,,1528905585,90,53.59,142.95,40.09,10.78
510,bismarck,,,1528905300,30,46.81,-100.78,71.6,12.75
511,dunedin,,,1528905434,100,-45.87,170.5,43.33,2.95
512,dabakala,,,1528905587,74,8.36,-4.43,88.78,4.52
513,pitelino,,,1528905589,66,54.58,41.81,69.7,11.23
514,egvekinot,,,1528905592,71,66.32,-179.17,37.3,2.51
515,melo,,,1528905592,78,-32.37,-54.17,50.08,22.08
516,mbeya,,,1528905593,40,-8.91,33.47,71.05,3.85
517,kochi,,,1528903800,94,9.96,76.25,77,2.24
518,notse,,,1528905594,76,6.95,1.17,86.62,8.77
519,amuntai,,,1528905596,88,-2.42,115.25,77.17,2.17
520,san juan,,,1528902000,100,14.6,121.03,77,10.29
521,rocha,,,1528905597,93,-34.48,-54.34,49.99,21.18
522,elizabeth city,,,1528904640,83,36.3,-76.22,78.8,12.75
523,narathiwat,,,1528902000,83,6.43,101.8,82.4,4.7
524,acari,,,1528905599,48,-6.44,-36.64,84.1,15.26
525,puerto carreno,,,1528902000,74,6.19,-67.49,84.2,3.36
526,troitskiy,,,1528903800,48,45.15,38.14,82.4,6.71
527,dhidhdhoo,,,1528905605,100,6.88,73.1,82.39,12.24
528,santa fe,,,1528905642,84,-31.62,-60.7,47.47,10.45
529,kuytun,,,1528905610,73,54.34,101.51,64.3,2.62
530,evans,,,1528904100,41,40.38,-104.69,78.8,3.36
531,sokoni,,,1528905646,37,-12.89,28.78,74.56,4.07
532,sovetskiy,,,1528905619,85,56.76,48.47,61.33,14.03
533,pagudpud,,,1528902000,100,18.56,120.79,77,13.87
534,southbridge,,,1528903440,82,42.08,-72.03,69.8,19.46
535,brazzaville,,,1528902000,55,-4.27,15.27,86,5.82
536,tutoia,,,1528902000,52,-2.76,-42.27,91.4,8.05
537,harlingen,,,1528902900,62,26.19,-97.7,89.6,10.29
538,calamar,,,1528905629,100,1.96,-72.65,70.87,2.95
539,road town,,,1528905600,66,18.42,-64.62,87.8,12.75
540,tabas,,,1528905630,11,33.6,56.92,94.27,6.98
541,shieli,,,1528905630,41,44.18,66.74,67.27,14.81
542,scalea,,,1528905631,100,39.82,15.79,70.06,5.3
543,san andres,,,1528905632,100,13.32,122.68,83.47,22.64
544,muisne,,,1528905633,84,0.61,-80.02,76.9,4.63
545,ati,,,1528905633,25,13.21,18.34,104.53,4.97
546,san luis,,,1528905472,53,-33.3,-66.34,42.43,2.62
